date,rainfall,wind_speed
2024-01-01,0.508,1.068
2024-01-02,5.651,1.034
2024-01-03,6.679,0.957
2024-01-04,21.702,1.046
2024-01-05,2.271,0.873
2024-01-06,2.055,0.968
2024-01-07,1.902,0.743
2024-01-08,10.284,0.957
2024-01-09,24.484,1.17
2024-01-10,0.371,0.691
2024-01-11,0.001,0.928
2024-01-12,0.0,1.209
2024-01-13,0.125,1.305
2024-01-14,0.004,1.182
2024-01-15,0.022,1.374
2024-01-16,0.489,1.088
2024-01-17,0.407,1.104
2024-01-18,0.278,1.402
2024-01-19,1.534,1.145
2024-01-20,1.774,1.017
2024-01-21,0.154,1.168
2024-01-22,1.718,1.372
2024-01-23,0.518,1.519
2024-01-24,2.979,1.323
2024-01-25,4.67,1.397
2024-01-26,0.058,1.274
2024-01-27,0.0,1.362
2024-01-28,0.0,1.252
2024-01-29,0.0,1.296
2024-01-30,0.0,1.154
2024-01-31,0.028,1.591
2024-02-01,0.004,1.879
2024-02-02,0.001,1.487
2024-02-03,0.099,1.16
2024-02-04,0.0,1.6
2024-02-05,0.002,1.412
2024-02-06,0.0,1.353
2024-02-07,0.005,1.513
2024-02-08,0.01,1.496
2024-02-09,0.075,1.306
2024-02-10,0.011,0.924
2024-02-11,0.005,1.35
2024-02-12,0.002,1.508
2024-02-13,0.032,1.469
2024-02-14,0.008,1.316
2024-02-15,0.001,1.194
2024-02-16,0.001,1.208
2024-02-17,0.0,1.31
2024-02-18,0.034,1.119
2024-02-19,0.002,1.433
2024-02-20,1.801,1.357
2024-02-21,1.103,1.552
2024-02-22,0.319,1.503
2024-02-23,0.03,1.783
2024-02-24,0.204,1.852
2024-02-25,0.092,1.487
2024-02-26,0.029,1.322
2024-02-27,0.095,1.071
2024-02-28,0.615,1.355
2024-02-29,0.0,1.445
2024-03-01,0.013,1.287
2024-03-02,0.005,1.564
2024-03-03,0.168,1.588
2024-03-04,0.253,1.724
2024-03-05,0.088,1.653
2024-03-06,0.027,2.346
2024-03-07,0.014,1.634
2024-03-08,0.046,1.534
2024-03-09,0.409,1.422
2024-03-10,0.042,1.155
2024-03-11,0.036,1.175
2024-03-12,0.321,1.327
2024-03-13,0.782,1.294
2024-03-14,0.468,2.048
2024-03-15,0.08,2.322
2024-03-16,0.121,1.475
2024-03-17,0.554,1.559
2024-03-18,1.577,1.441
2024-03-19,0.91,1.365
2024-03-20,0.353,1.432
2024-03-21,0.032,1.519
2024-03-22,1.636,1.531
2024-03-23,27.945,1.443
2024-03-24,0.275,1.189
2024-03-25,2.123,1.396
2024-03-26,2.925,1.418
2024-03-27,1.098,1.353
2024-03-28,3.418,1.315
2024-03-29,1.183,1.398
2024-03-30,1.718,1.346
2024-03-31,0.718,1.364
2024-04-01,1.087,1.539
2024-04-02,2.479,1.511
2024-04-03,2.573,1.182
2024-04-04,3.801,1.487
2024-04-05,0.571,1.644
2024-04-06,0.093,1.51
2024-04-07,1.211,1.516
2024-04-08,1.872,1.591
2024-04-09,1.056,1.22
2024-04-10,1.104,1.459
2024-04-11,2.688,1.486
2024-04-12,8.716,1.325
2024-04-13,2.711,1.354
2024-04-14,1.183,1.3
2024-04-15,2.265,1.331
2024-04-16,3.189,1.1
2024-04-17,2.764,1.511
2024-04-18,4.6,1.622
2024-04-19,6.815,1.691
2024-04-20,4.364,1.734
2024-04-21,3.584,1.796
2024-04-22,5.185,1.741
2024-04-23,1.558,1.514
2024-04-24,2.091,1.463
2024-04-25,1.273,1.377
2024-04-26,2.492,1.329
2024-04-27,1.988,1.386
2024-04-28,1.122,1.393
2024-04-29,4.351,1.658
2024-04-30,91.77,1.792
2024-05-01,1.503,1.675
2024-05-02,0.848,1.391
2024-05-03,6.562,1.397
2024-05-04,1.154,1.623
2024-05-05,1.783,1.677
2024-05-06,1.183,1.764
2024-05-07,0.35,1.753
2024-05-08,43.662,1.851
2024-05-09,22.254,0.9
2024-05-10,1.966,1.168
2024-05-11,19.985,0.912
2024-05-12,7.311,1.034
2024-05-13,9.536,1.221
2024-05-14,10.638,1.061
2024-05-15,21.494,1.008
2024-05-16,66.029,1.04
2024-05-17,45.682,0.982
2024-05-18,32.657,1.062
2024-05-19,167.943,1.435
2024-05-20,47.537,2.046
2024-05-21,34.698,1.632
2024-05-22,42.676,2.065
2024-05-23,107.93,2.197
2024-05-24,70.176,3.551
2024-05-25,22.013,1.686
2024-05-26,22.378,1.27
2024-05-27,26.311,1.166
2024-05-28,15.764,1.498
2024-05-29,100.096,2.1
2024-05-30,24.269,2.562
2024-05-31,7.607,1.706
2024-06-01,11.131,1.811
2024-06-02,16.328,1.151
2024-06-03,8.343,1.059
2024-06-04,12.521,0.775
2024-06-05,26.006,1.063
2024-06-06,15.176,1.226
2024-06-07,22.947,2.343
2024-06-08,27.363,2.465
2024-06-09,16.309,1.643
2024-06-10,8.312,1.78
2024-06-11,30.827,1.492
2024-06-12,14.245,1.217
2024-06-13,4.94,1.333
2024-06-14,4.777,1.436
2024-06-15,3.927,1.442
2024-06-16,6.727,1.403
2024-06-17,15.533,1.118
2024-06-18,8.365,1.178
2024-06-19,24.245,1.389
2024-06-20,9.353,1.053
2024-06-21,33.894,1.612
2024-06-22,68.607,1.857
2024-06-23,45.392,2.203
2024-06-24,22.564,2.665
2024-06-25,40.394,2.896
2024-06-26,64.396,2.247
2024-06-27,20.141,1.309
2024-06-28,7.025,1.373
2024-06-29,2.23,1.427
2024-06-30,12.352,1.303
2024-07-01,18.978,1.559
2024-07-02,3.268,1.65
2024-07-03,8.691,2.19
2024-07-04,4.733,1.895
2024-07-05,17.687,1.176
2024-07-06,12.126,1.502
2024-07-07,13.453,2.023
2024-07-08,19.844,1.801
2024-07-09,9.082,1.548
2024-07-10,24.896,1.641
2024-07-11,5.573,2.103
2024-07-12,51.211,2.04
2024-07-13,29.844,2.606
2024-07-14,11.515,2.736
2024-07-15,59.261,2.785
2024-07-16,29.782,2.649
2024-07-17,26.694,2.934
2024-07-18,30.793,2.294
2024-07-19,8.267,2.458
2024-07-20,6.147,2.44
2024-07-21,4.79,1.855
2024-07-22,8.941,2.328
2024-07-23,6.362,1.908
2024-07-24,4.684,2.685
2024-07-25,23.52,2.353
2024-07-26,11.25,2.711
2024-07-27,6.397,3.351
2024-07-28,20.869,2.639
2024-07-29,63.128,1.866
2024-07-30,46.566,1.852
2024-07-31,24.831,1.248
2024-08-01,23.021,1.776
2024-08-02,9.449,1.757
2024-08-03,10.063,2.051
2024-08-04,2.153,2.325
2024-08-05,21.442,1.944
2024-08-06,9.691,2.507
2024-08-07,8.092,2.444
2024-08-08,4.724,1.849
2024-08-09,10.563,2.103
2024-08-10,14.219,2.415
2024-08-11,10.778,2.807
2024-08-12,39.549,2.75
2024-08-13,21.585,1.763
2024-08-14,7.527,1.646
2024-08-15,1.171,1.62
2024-08-16,9.113,2.114
2024-08-17,10.812,1.761
2024-08-18,1.503,1.588
2024-08-19,17.694,1.323
2024-08-20,8.319,2.295
2024-08-21,14.174,2.303
2024-08-22,4.683,1.091
2024-08-23,3.099,1.6
2024-08-24,7.195,1.505
2024-08-25,4.466,1.443
2024-08-26,9.256,1.838
2024-08-27,7.872,1.328
2024-08-28,7.779,1.827
2024-08-29,18.435,1.907
2024-08-30,22.354,2.03
2024-08-31,12.753,2.537
2024-09-01,19.096,2.729
2024-09-02,16.638,2.468
2024-09-03,15.513,1.694
2024-09-04,6.128,2.361
2024-09-05,2.415,2.665
2024-09-06,3.449,2.249
2024-09-07,4.035,1.972
2024-09-08,9.003,2.152
2024-09-09,20.36,2.365
2024-09-10,15.451,2.169
2024-09-11,12.069,1.801
2024-09-12,2.757,1.688
2024-09-13,3.461,1.984
2024-09-14,4.049,1.972
2024-09-15,6.714,2.2
2024-09-16,3.595,2.242
2024-09-17,2.754,2.309
2024-09-18,1.607,2.07
2024-09-19,3.768,1.609
2024-09-20,2.302,1.635
2024-09-21,4.749,2.316
2024-09-22,5.859,2.075
2024-09-23,11.504,1.749
2024-09-24,7.61,1.755
2024-09-25,3.849,2.046
2024-09-26,2.831,2.19
2024-09-27,1.939,2.341
2024-09-28,0.869,2.167
2024-09-29,3.865,0.985
2024-09-30,2.799,0.832
2024-10-01,3.062,1.224
2024-10-02,2.101,1.959
2024-10-03,7.94,1.586
2024-10-04,12.036,1.224
2024-10-05,1.191,0.81
2024-10-06,31.315,1.053
2024-10-07,19.724,2.003
2024-10-08,8.198,1.803
2024-10-09,23.123,1.835
2024-10-10,4.458,0.972
2024-10-11,46.378,1.386
2024-10-12,8.145,1.362
2024-10-13,1.245,1.386
2024-10-14,5.396,1.056
2024-10-15,11.473,1.104
2024-10-16,9.834,1.248
2024-10-17,5.509,1.385
2024-10-18,3.817,0.955
2024-10-19,0.374,1.231
2024-10-20,1.431,0.983
2024-10-21,0.681,0.95
2024-10-22,3.16,1.129
2024-10-23,8.286,1.206
2024-10-24,23.191,1.475
2024-10-25,79.518,1.834
2024-10-26,7.483,1.676
2024-10-27,6.205,1.168
2024-10-28,3.82,1.297
2024-10-29,0.706,1.495
2024-10-30,0.68,1.572
2024-10-31,2.089,1.037
2024-11-01,12.796,1.091
2024-11-02,9.139,0.99
2024-11-03,17.362,1.186
2024-11-04,9.532,1.034
2024-11-05,1.086,0.946
2024-11-06,1.322,1.229
2024-11-07,1.719,1.243
2024-11-08,7.762,0.926
2024-11-09,1.601,1.106
2024-11-10,0.381,1.173
2024-11-11,0.538,0.918
2024-11-12,1.234,1.194
2024-11-13,2.002,0.931
2024-11-14,11.266,0.841
2024-11-15,7.727,0.63
2024-11-16,2.853,0.874
2024-11-17,4.175,0.765
2024-11-18,0.725,1.073
2024-11-19,2.688,1.166
2024-11-20,7.55,1.607
2024-11-21,7.691,0.89
2024-11-22,1.14,0.736
2024-11-23,0.509,1.045
2024-11-24,0.106,0.874
2024-11-25,0.352,0.906
2024-11-26,11.933,0.833
2024-11-27,6.037,0.567
2024-11-28,0.023,1.002
2024-11-29,0.288,1.771
2024-11-30,2.796,1.796
2024-12-01,10.77,2.566
2024-12-02,13.601,1.946
2024-12-03,2.783,1.207
2024-12-04,1.782,1.076
2024-12-05,0.424,0.738
2024-12-06,0.029,1.188
2024-12-07,0.487,1.119
2024-12-08,1.321,0.794
2024-12-09,0.366,0.969
2024-12-10,0.788,1.159
2024-12-11,0.53,0.993
2024-12-12,22.826,1.245
2024-12-13,38.681,0.79
2024-12-14,1.887,0.922
2024-12-15,0.001,1.171
2024-12-16,0.01,1.214
2024-12-17,0.256,1.234
2024-12-18,0.069,1.274
2024-12-19,0.002,1.358
2024-12-20,0.0,1.746
2024-12-21,0.527,2.296
2024-12-22,0.298,2.099
2024-12-23,0.334,1.448
2024-12-24,0.037,1.4
2024-12-25,0.004,1.479
2024-12-26,0.044,1.381
2024-12-27,0.702,1.112
2024-12-28,0.315,1.046
2024-12-29,0.136,1.114
2024-12-30,0.34,0.818
2024-12-31,0.454,0.829
